,stimulus,overlap
0,circle,0.592705167173252
1,pentagon,0.506838905775076
2,hexagon,0.519756838905775
